company_name,industry,phone
Apex Telecom Support,Telecom,1-800-555-1001
Bright Telecom Support,Telecom,1-800-555-1002
Central Telecom Support,Telecom,1-800-555-1003
Clear Telecom Support,Telecom,1-800-555-1004
Crest Telecom Support,Telecom,1-800-555-1005
Evergreen Telecom Support,Telecom,1-800-555-1006
First Telecom Support,Telecom,1-800-555-1007
Golden Telecom Support,Telecom,1-800-555-1008
Harbor Telecom Support,Telecom,1-800-555-1009
Liberty Telecom Support,Telecom,1-800-555-1010
Metro Telecom Support,Telecom,1-800-555-1011
Modern Telecom Support,Telecom,1-800-555-1012
Northstar Telecom Support,Telecom,1-800-555-1013
Peak Telecom Support,Telecom,1-800-555-1014
Pioneer Telecom Support,Telecom,1-800-555-1015
Prime Telecom Support,Telecom,1-800-555-1016
Rapid Telecom Support,Telecom,1-800-555-1017
Skyline Telecom Support,Telecom,1-800-555-1018
Summit Telecom Support,Telecom,1-800-555-1019
United Telecom Support,Telecom,1-800-555-1020
Westbridge Telecom Support,Telecom,1-800-555-1021
Blue Telecom Support,Telecom,1-800-555-1022
Redwood Telecom Support,Telecom,1-800-555-1023
Atlas Telecom Support,Telecom,1-800-555-1024
Nova Telecom Support,Telecom,1-800-555-1025
Apex Airlines Support,Airlines,1-800-555-1026
Bright Airlines Support,Airlines,1-800-555-1027
Central Airlines Support,Airlines,1-800-555-1028
Clear Airlines Support,Airlines,1-800-555-1029
Crest Airlines Support,Airlines,1-800-555-1030
Evergreen Airlines Support,Airlines,1-800-555-1031
First Airlines Support,Airlines,1-800-555-1032
Golden Airlines Support,Airlines,1-800-555-1033
Harbor Airlines Support,Airlines,1-800-555-1034
Liberty Airlines Support,Airlines,1-800-555-1035
Metro Airlines Support,Airlines,1-800-555-1036
Modern Airlines Support,Airlines,1-800-555-1037
Northstar Airlines Support,Airlines,1-800-555-1038
Peak Airlines Support,Airlines,1-800-555-1039
Pioneer Airlines Support,Airlines,1-800-555-1040
Prime Airlines Support,Airlines,1-800-555-1041
Rapid Airlines Support,Airlines,1-800-555-1042
Skyline Airlines Support,Airlines,1-800-555-1043
Summit Airlines Support,Airlines,1-800-555-1044
United Airlines Support,Airlines,1-800-555-1045
Westbridge Airlines Support,Airlines,1-800-555-1046
Blue Airlines Support,Airlines,1-800-555-1047
Redwood Airlines Support,Airlines,1-800-555-1048
Atlas Airlines Support,Airlines,1-800-555-1049
Nova Airlines Support,Airlines,1-800-555-1050
Apex Banking Support,Banking,1-800-555-1051
Bright Banking Support,Banking,1-800-555-1052
Central Banking Support,Banking,1-800-555-1053
Clear Banking Support,Banking,1-800-555-1054
Crest Banking Support,Banking,1-800-555-1055
Evergreen Banking Support,Banking,1-800-555-1056
First Banking Support,Banking,1-800-555-1057
Golden Banking Support,Banking,1-800-555-1058
Harbor Banking Support,Banking,1-800-555-1059
Liberty Banking Support,Banking,1-800-555-1060
Metro Banking Support,Banking,1-800-555-1061
Modern Banking Support,Banking,1-800-555-1062
Northstar Banking Support,Banking,1-800-555-1063
Peak Banking Support,Banking,1-800-555-1064
Pioneer Banking Support,Banking,1-800-555-1065
Prime Banking Support,Banking,1-800-555-1066
Rapid Banking Support,Banking,1-800-555-1067
Skyline Banking Support,Banking,1-800-555-1068
Summit Banking Support,Banking,1-800-555-1069
United Banking Support,Banking,1-800-555-1070
Westbridge Banking Support,Banking,1-800-555-1071
Blue Banking Support,Banking,1-800-555-1072
Redwood Banking Support,Banking,1-800-555-1073
Atlas Banking Support,Banking,1-800-555-1074
Nova Banking Support,Banking,1-800-555-1075
Apex Insurance Support,Insurance,1-800-555-1076
Bright Insurance Support,Insurance,1-800-555-1077
Central Insurance Support,Insurance,1-800-555-1078
Clear Insurance Support,Insurance,1-800-555-1079
Crest Insurance Support,Insurance,1-800-555-1080
Evergreen Insurance Support,Insurance,1-800-555-1081
First Insurance Support,Insurance,1-800-555-1082
Golden Insurance Support,Insurance,1-800-555-1083
Harbor Insurance Support,Insurance,1-800-555-1084
Liberty Insurance Support,Insurance,1-800-555-1085
Metro Insurance Support,Insurance,1-800-555-1086
Modern Insurance Support,Insurance,1-800-555-1087
Northstar Insurance Support,Insurance,1-800-555-1088
Peak Insurance Support,Insurance,1-800-555-1089
Pioneer Insurance Support,Insurance,1-800-555-1090
Prime Insurance Support,Insurance,1-800-555-1091
Rapid Insurance Support,Insurance,1-800-555-1092
Skyline Insurance Support,Insurance,1-800-555-1093
Summit Insurance Support,Insurance,1-800-555-1094
United Insurance Support,Insurance,1-800-555-1095
Westbridge Insurance Support,Insurance,1-800-555-1096
Blue Insurance Support,Insurance,1-800-555-1097
Redwood Insurance Support,Insurance,1-800-555-1098
Atlas Insurance Support,Insurance,1-800-555-1099
Nova Insurance Support,Insurance,1-800-555-1100
Apex Healthcare Support,Healthcare,1-800-555-1101
Bright Healthcare Support,Healthcare,1-800-555-1102
Central Healthcare Support,Healthcare,1-800-555-1103
Clear Healthcare Support,Healthcare,1-800-555-1104
Crest Healthcare Support,Healthcare,1-800-555-1105
Evergreen Healthcare Support,Healthcare,1-800-555-1106
First Healthcare Support,Healthcare,1-800-555-1107
Golden Healthcare Support,Healthcare,1-800-555-1108
Harbor Healthcare Support,Healthcare,1-800-555-1109
Liberty Healthcare Support,Healthcare,1-800-555-1110
Metro Healthcare Support,Healthcare,1-800-555-1111
Modern Healthcare Support,Healthcare,1-800-555-1112
Northstar Healthcare Support,Healthcare,1-800-555-1113
Peak Healthcare Support,Healthcare,1-800-555-1114
Pioneer Healthcare Support,Healthcare,1-800-555-1115
Prime Healthcare Support,Healthcare,1-800-555-1116
Rapid Healthcare Support,Healthcare,1-800-555-1117
Skyline Healthcare Support,Healthcare,1-800-555-1118
Summit Healthcare Support,Healthcare,1-800-555-1119
United Healthcare Support,Healthcare,1-800-555-1120
Westbridge Healthcare Support,Healthcare,1-800-555-1121
Blue Healthcare Support,Healthcare,1-800-555-1122
Redwood Healthcare Support,Healthcare,1-800-555-1123
Atlas Healthcare Support,Healthcare,1-800-555-1124
Nova Healthcare Support,Healthcare,1-800-555-1125
Apex Retail Support,Retail,1-800-555-1126
Bright Retail Support,Retail,1-800-555-1127
Central Retail Support,Retail,1-800-555-1128
Clear Retail Support,Retail,1-800-555-1129
Crest Retail Support,Retail,1-800-555-1130
Evergreen Retail Support,Retail,1-800-555-1131
First Retail Support,Retail,1-800-555-1132
Golden Retail Support,Retail,1-800-555-1133
Harbor Retail Support,Retail,1-800-555-1134
Liberty Retail Support,Retail,1-800-555-1135
Metro Retail Support,Retail,1-800-555-1136
Modern Retail Support,Retail,1-800-555-1137
Northstar Retail Support,Retail,1-800-555-1138
Peak Retail Support,Retail,1-800-555-1139
Pioneer Retail Support,Retail,1-800-555-1140
Prime Retail Support,Retail,1-800-555-1141
Rapid Retail Support,Retail,1-800-555-1142
Skyline Retail Support,Retail,1-800-555-1143
Summit Retail Support,Retail,1-800-555-1144
United Retail Support,Retail,1-800-555-1145
Westbridge Retail Support,Retail,1-800-555-1146
Blue Retail Support,Retail,1-800-555-1147
Redwood Retail Support,Retail,1-800-555-1148
Atlas Retail Support,Retail,1-800-555-1149
Nova Retail Support,Retail,1-800-555-1150
Apex Tech Support,Tech,1-800-555-1151
Bright Tech Support,Tech,1-800-555-1152
Central Tech Support,Tech,1-800-555-1153
Clear Tech Support,Tech,1-800-555-1154
Crest Tech Support,Tech,1-800-555-1155
Evergreen Tech Support,Tech,1-800-555-1156
First Tech Support,Tech,1-800-555-1157
Golden Tech Support,Tech,1-800-555-1158
Harbor Tech Support,Tech,1-800-555-1159
Liberty Tech Support,Tech,1-800-555-1160
Metro Tech Support,Tech,1-800-555-1161
Modern Tech Support,Tech,1-800-555-1162
Northstar Tech Support,Tech,1-800-555-1163
Peak Tech Support,Tech,1-800-555-1164
Pioneer Tech Support,Tech,1-800-555-1165
Prime Tech Support,Tech,1-800-555-1166
Rapid Tech Support,Tech,1-800-555-1167
Skyline Tech Support,Tech,1-800-555-1168
Summit Tech Support,Tech,1-800-555-1169
United Tech Support,Tech,1-800-555-1170
Westbridge Tech Support,Tech,1-800-555-1171
Blue Tech Support,Tech,1-800-555-1172
Redwood Tech Support,Tech,1-800-555-1173
Atlas Tech Support,Tech,1-800-555-1174
Nova Tech Support,Tech,1-800-555-1175
Apex Utilities Support,Utilities,1-800-555-1176
Bright Utilities Support,Utilities,1-800-555-1177
Central Utilities Support,Utilities,1-800-555-1178
Clear Utilities Support,Utilities,1-800-555-1179
Crest Utilities Support,Utilities,1-800-555-1180
Evergreen Utilities Support,Utilities,1-800-555-1181
First Utilities Support,Utilities,1-800-555-1182
Golden Utilities Support,Utilities,1-800-555-1183
Harbor Utilities Support,Utilities,1-800-555-1184
Liberty Utilities Support,Utilities,1-800-555-1185
Metro Utilities Support,Utilities,1-800-555-1186
Modern Utilities Support,Utilities,1-800-555-1187
Northstar Utilities Support,Utilities,1-800-555-1188
Peak Utilities Support,Utilities,1-800-555-1189
Pioneer Utilities Support,Utilities,1-800-555-1190
Prime Utilities Support,Utilities,1-800-555-1191
Rapid Utilities Support,Utilities,1-800-555-1192
Skyline Utilities Support,Utilities,1-800-555-1193
Summit Utilities Support,Utilities,1-800-555-1194
United Utilities Support,Utilities,1-800-555-1195
Westbridge Utilities Support,Utilities,1-800-555-1196
Blue Utilities Support,Utilities,1-800-555-1197
Redwood Utilities Support,Utilities,1-800-555-1198
Atlas Utilities Support,Utilities,1-800-555-1199
Nova Utilities Support,Utilities,1-800-555-1200
Apex Government Support,Government,1-800-555-1201
Bright Government Support,Government,1-800-555-1202
Central Government Support,Government,1-800-555-1203
Clear Government Support,Government,1-800-555-1204
Crest Government Support,Government,1-800-555-1205
Evergreen Government Support,Government,1-800-555-1206
First Government Support,Government,1-800-555-1207
Golden Government Support,Government,1-800-555-1208
Harbor Government Support,Government,1-800-555-1209
Liberty Government Support,Government,1-800-555-1210
Metro Government Support,Government,1-800-555-1211
Modern Government Support,Government,1-800-555-1212
Northstar Government Support,Government,1-800-555-1213
Peak Government Support,Government,1-800-555-1214
Pioneer Government Support,Government,1-800-555-1215
Prime Government Support,Government,1-800-555-1216
Rapid Government Support,Government,1-800-555-1217
Skyline Government Support,Government,1-800-555-1218
Summit Government Support,Government,1-800-555-1219
United Government Support,Government,1-800-555-1220
Westbridge Government Support,Government,1-800-555-1221
Blue Government Support,Government,1-800-555-1222
Redwood Government Support,Government,1-800-555-1223
Atlas Government Support,Government,1-800-555-1224
Nova Government Support,Government,1-800-555-1225
Apex Auto Support,Auto,1-800-555-1226
Bright Auto Support,Auto,1-800-555-1227
Central Auto Support,Auto,1-800-555-1228
Clear Auto Support,Auto,1-800-555-1229
Crest Auto Support,Auto,1-800-555-1230
Evergreen Auto Support,Auto,1-800-555-1231
First Auto Support,Auto,1-800-555-1232
Golden Auto Support,Auto,1-800-555-1233
Harbor Auto Support,Auto,1-800-555-1234
Liberty Auto Support,Auto,1-800-555-1235
Metro Auto Support,Auto,1-800-555-1236
Modern Auto Support,Auto,1-800-555-1237
Northstar Auto Support,Auto,1-800-555-1238
Peak Auto Support,Auto,1-800-555-1239
Pioneer Auto Support,Auto,1-800-555-1240
Prime Auto Support,Auto,1-800-555-1241
Rapid Auto Support,Auto,1-800-555-1242
Skyline Auto Support,Auto,1-800-555-1243
Summit Auto Support,Auto,1-800-555-1244
United Auto Support,Auto,1-800-555-1245
Westbridge Auto Support,Auto,1-800-555-1246
Blue Auto Support,Auto,1-800-555-1247
Redwood Auto Support,Auto,1-800-555-1248
Atlas Auto Support,Auto,1-800-555-1249
Nova Auto Support,Auto,1-800-555-1250
Apex Streaming Support,Streaming,1-800-555-1251
Bright Streaming Support,Streaming,1-800-555-1252
Central Streaming Support,Streaming,1-800-555-1253
Clear Streaming Support,Streaming,1-800-555-1254
Crest Streaming Support,Streaming,1-800-555-1255
Evergreen Streaming Support,Streaming,1-800-555-1256
First Streaming Support,Streaming,1-800-555-1257
Golden Streaming Support,Streaming,1-800-555-1258
Harbor Streaming Support,Streaming,1-800-555-1259
Liberty Streaming Support,Streaming,1-800-555-1260
Metro Streaming Support,Streaming,1-800-555-1261
Modern Streaming Support,Streaming,1-800-555-1262
Northstar Streaming Support,Streaming,1-800-555-1263
Peak Streaming Support,Streaming,1-800-555-1264
Pioneer Streaming Support,Streaming,1-800-555-1265
Prime Streaming Support,Streaming,1-800-555-1266
Rapid Streaming Support,Streaming,1-800-555-1267
Skyline Streaming Support,Streaming,1-800-555-1268
Summit Streaming Support,Streaming,1-800-555-1269
United Streaming Support,Streaming,1-800-555-1270
Westbridge Streaming Support,Streaming,1-800-555-1271
Blue Streaming Support,Streaming,1-800-555-1272
Redwood Streaming Support,Streaming,1-800-555-1273
Atlas Streaming Support,Streaming,1-800-555-1274
Nova Streaming Support,Streaming,1-800-555-1275
Apex Travel Support,Travel,1-800-555-1276
Bright Travel Support,Travel,1-800-555-1277
Central Travel Support,Travel,1-800-555-1278
Clear Travel Support,Travel,1-800-555-1279
Crest Travel Support,Travel,1-800-555-1280
Evergreen Travel Support,Travel,1-800-555-1281
First Travel Support,Travel,1-800-555-1282
Golden Travel Support,Travel,1-800-555-1283
Harbor Travel Support,Travel,1-800-555-1284
Liberty Travel Support,Travel,1-800-555-1285
Metro Travel Support,Travel,1-800-555-1286
Modern Travel Support,Travel,1-800-555-1287
Northstar Travel Support,Travel,1-800-555-1288
Peak Travel Support,Travel,1-800-555-1289
Pioneer Travel Support,Travel,1-800-555-1290
Prime Travel Support,Travel,1-800-555-1291
Rapid Travel Support,Travel,1-800-555-1292
Skyline Travel Support,Travel,1-800-555-1293
Summit Travel Support,Travel,1-800-555-1294
United Travel Support,Travel,1-800-555-1295
Westbridge Travel Support,Travel,1-800-555-1296
Blue Travel Support,Travel,1-800-555-1297
Redwood Travel Support,Travel,1-800-555-1298
Atlas Travel Support,Travel,1-800-555-1299
Nova Travel Support,Travel,1-800-555-1300
